order	2_0.97_NA	3_0.96_SBS1-0.94	4_0.81_NA	5_1.0_SBS43-0.91	6_1.0_SBS58-0.87	7_0.94_NA	1_0.97_SBS31-0.95	SBS17b
ACAA	0.0092449199147668	0.0021870650285691	0.0094573273146831	0.0096470844999529	0.1471432082014392	0.0206900198478962	0.0203946857058859	0.000608
ACCA	0.0056497805876333	0.0116803565905119	0.0050407913031763	0.0139506670712958	0.0055827598178501	0.0116923148784344	0.023505418894767	0.000129
ACGA	0.0018468389328455	0.0002153901344715	0.0048690409553104	0.0019824872117926	0.0015132017821825	0.0043211751703568	0.0017045974519363	5.8200000000000005e-05
ACTA	0.006527353315949	0.0083774208324603	0.004294013435734	0.0181826737423552	0.0081065701956058	0.0157630770469503	0.0045633634870185	0.0004559999999999
CCAA	0.0173263295802451	0.0169299598525048	0.0112253272082527	0.0050296760535791	0.0136179619353295	0.0152375393576145	0.0138496030652661	0.000271
CCCA	0.0030972856528708	0.0170213184094447	0.0039986005752302	0.0025865416092464	0.0053043680561373	0.0085716152140104	0.0121755627797188	4.11e-05
CCGA	0.0012734659354849	0.0038224453749143	0.0050954694215746	0.0005062953196704	0.0012694662503552	0.0017840289483328	0.0022358874497457	2.2299999999999998e-16
CCTA	0.0065493228595983	0.0173567771342059	0.0030375279240574	0.0030574663327162	0.0045326257640362	0.0076881133605436	0.0302447910046605	0.000182
GCAA	0.0087287061084006	0.0092136781048368	0.0016302122007462	0.0080793385177512	0.012424882095211	0.0152606851775131	0.0335687802455183	0.000998
GCCA	0.0006010984982631	0.000379450505796	0.0028285675646559	0.0032586057631831	0.0031156043634233	0.0044924193895378	0.0485609436020492	2.78e-06
GCGA	0.0002967921446009	0.0017562297969705	0.0055501595452227	2.220400000000039e-16	0.0008124232778184	0.0039421617523381	0.0020994535952177	9.24e-05
GCTA	0.0042525209800024	0.0108884584919011	0.0043248496715138	0.0036973878821299	0.0044129202432196	0.009978574091708	0.0078793993178269	0.000534
TCAA	0.0003062523082654	0.0181221175011098	0.0103234537908805	0.0048003274333158	0.008588652250818	0.0243443254856509	0.0085972023857901	1.24e-05
TCCA	0.0028626746350089	0.0133562903271693	0.0013169177676357	0.0025891248387287	0.0035594849001954	0.0066580701288305	0.0069054833956222	2.2299999999999998e-16
TCGA	0.0008102400422309	0.0028318055149325	0.0030734711393159	0.0003150194712074	0.0008296907293473	0.002151986880178	0.0010074407649433	9.51e-05
TCTA	0.0006663763633871	0.0308362348427256	0.0061794819313855	0.0020978413803169	0.0059923192202011	0.0263302537557387	0.0071234823294854	0.00257
ACAG	0.0126472891204575	0.0022874308351172	0.0496076124288492	0.0041738010779991	0.009043497217251	0.0202187908602308	0.0039465423414267	0.000146
ACCG	0.0016164289367979	0.0050963107547256	0.0248554157201534	0.000308924151371	0.0006280692801734	0.002054133651839	0.0027201021396086	4.34e-05
ACGG	1.9976064871119632e-05	0.0008118465854458	0.015785702071584	0.0011689286286445	0.0004202871666475	0.0035965118659961	0.0009371137755634	2.2299999999999998e-16
ACTG	0.0093306435887996	0.0012865063949458	0.0294202084872323	0.0012112757875592	0.0010342034022435	0.004705296006788	0.0037498997026616	0.000319
CCAG	0.0060258091934236	0.0003401732630403	0.0244628496080077	0.000272890263977	0.0013510343045779	0.0008138115362702	0.0034141508750436	0.000194
CCCG	0.0037027059669495	0.0017264215635494	0.0222094308902256	0.0007971072091005	0.0002675402147459	0.0008446356255208	0.0014002630869766	4.66e-05
CCGG	3.0144752424104936e-05	0.0007340856000982	0.0123689843265231	0.0005321870221954	0.0006008364983182	0.0005699073114827	5.8587084307107424e-05	2.2299999999999998e-16
CCTG	0.0060324826181202	0.0027757272130663	0.0236250296725501	0.0005891621350843	0.0001593809063909	7.220193057547447e-06	0.0058425315091543	0.000193
GCAG	0.0047624185562956	0.0022754867838155	0.0167970584617313	0.0068252674449063	0.0015894076540825	0.0025189688758163	0.0031218971585331	5.99e-05
GCCG	0.0021914110045751	0.0006965243910491	0.0085040856442948	0.0057406490372774	0.0012563948247085	0.003195711451579	0.013050729017583	5.550000000000001e-05
GCGG	9.667610717818911e-05	0.0018786525695583	0.007596026966086	0.0019766855842708	0.0010371910930288	0.0019790184324127	0.0004396334652663	2.2299999999999998e-16
GCTG	0.0030881135929541	0.0004591526093613	0.0120459613828148	0.0180483910174467	0.001141210275307	0.0023521622950567	0.0109372033676278	2.2299999999999998e-16
TCAG	0.0032063662772892	0.0026089548514776	0.0328412127283065	0.0008128167502667	0.0011837279543637	0.0045659257789263	0.0054302024063959	0.00016
TCCG	0.0042337725601846	0.0040350755024662	0.0237854127374711	0.0020354284579084	0.000556610147909	0.002713397402854	0.0021991941344397	6.18e-05
TCGG	0.0001825312697011	0.0003776230643305	0.0114976493190506	0.0009501303511053	0.0006906118153426	0.0017142240866543	0.0001380534298686	1.55e-05
TCTG	0.003971719846189	0.005991658584627	0.0332801402524508	0.0020690857848361	0.0079476852723561	0.0206514599715985	0.0088901058793721	0.0015
ACAT	0.0593070524453122	0.0071903623844337	0.0307186992626084	0.0100778440331193	0.0266653438280915	0.0672516430867122	0.0139152285755827	0.000571
ACCT	0.0329579301823906	0.0054910286874532	0.0115669981882898	0.0045698252641776	0.0062409298469591	0.0100919798423036	0.0057087834375675	7.03e-05
ACGT	0.0677051802289911	0.1578791827698425	0.048811550002505	0.010513196425897	0.0178578815412229	0.0101850759093972	0.0031937717321404	0.000287
ACTT	0.0441810555490537	0.0041655324405179	0.0135271119203618	0.0060004325913401	0.0065251834256515	0.0148984470118947	0.0087484935314183	0.000147
CCAT	0.0297591640240736	0.0092111524955596	0.0183879075600662	0.0041930460418439	0.0050488831346436	0.0158141771749969	0.0198150662230289	0.000457
CCCT	0.0213459439324751	0.0116467746379032	0.0094611935411113	0.0043497442058462	0.0044460075621147	0.00478894576698	0.1121421822345063	5.89e-05
CCGT	0.0254130929874816	0.0825384570217053	0.0313504513839646	0.0062842177367272	0.0090001977491879	0.0069586946820605	0.0116658241346937	0.000543
CCTT	0.0546415354652485	0.0029947771491863	0.0207291211982487	0.0105502311629957	0.0092239175570749	0.0187239478101974	0.1009634214227474	0.000136
GCAT	0.0223920544676872	0.0121986370954571	0.0095128635923386	0.0050583493321948	0.0060165232739907	0.012068186690049	0.0163783874567627	6.11e-05
GCCT	0.0339807231645599	0.0117452422173519	0.0165267967021088	0.0044122078610277	0.0051928650344597	0.0043949498082109	0.0126988054962953	0.000157
GCGT	0.0274730717737057	0.1034228041231302	0.0274523246161754	0.0067826540235481	0.014295484086903	0.0086588605075019	0.0083096789798283	0.000855
GCTT	0.0487266027712112	0.0036693655356701	0.0157563853893737	0.0096533180398445	0.0113550313377148	0.0061179993628752	0.013981164948682	2.2299999999999998e-16
TCAT	0.0204858171674109	0.0076829249588166	0.0073681828412309	0.0057560945219929	0.0068929481580506	0.0219178380995705	0.0017560331839576	0.000108
TCCT	0.0249976246336134	0.0183796291106234	0.0096774790118829	0.0103181117695382	0.0191244369481403	0.0224701473409195	0.0092990508391393	0.000604
TCGT	0.0196556975803556	0.0659614495909251	0.0272557938317047	0.0038438022323654	0.0066069028974454	0.0042944634109271	0.0048213652511032	6.24e-05
TCTT	0.0114753048024613	0.0026676138717268	0.0209284283483189	0.0170346104383717	0.3092308263611633	0.002346488714463	0.0207760163845933	0.000895
ATAA	0.0043625943799063	0.0089723162944033	0.0023314249203269	0.0108795622764224	0.0488359641736556	0.0126469350953542	0.012131984677382	6.26e-05
ATCA	0.0123058127937882	0.0054282211390366	0.0045870473753676	0.0032333556400527	0.0039026989027572	0.002853663326135	0.0037784292161726	0.000289
ATGA	0.0094160617081168	0.0073684879367033	0.0051763830720765	0.0056500205432608	0.0042403633621478	0.0057025880054479	0.0024981438566974	6.57e-05
ATTA	0.0085414018266088	0.013782759113973	0.0093766286300536	0.0039735159638638	0.0069911817307964	0.011567336796223	0.0087070373500314	0.000633
CTAA	0.0021873297748569	0.0051133925125645	0.0008416042062106	0.0032706136267491	0.001432109033077	0.0043536650549115	0.0186699629746484	9.36e-05
CTCA	0.0026494793832591	0.0093120232480632	0.0053758798632927	0.003230065127209	0.0049407839590232	0.0145549602936187	0.0176634252078831	0.00224
CTGA	0.0033326822145653	0.0026132760933765	0.0016379340065158	0.0016240730443034	0.0017571147975592	0.0049438562518417	0.0238238595472909	0.000717
CTTA	0.0007390760073264	0.013026875081499	0.0059682398016334	0.0007825495950069	0.0038334141177626	0.0045045112214218	0.0309290121851728	0.00779
GTAA	0.0040497767336103	0.0037694514937854	0.0016909638726387	0.0038607433944238	0.0092727398559741	0.0024395442471841	0.0006382235294177	9.73e-05
GTCA	0.0043727961954924	0.0012580809283336	0.0024791992578995	0.0019415307183905	0.0008454855583703	0.0013943142971974	0.005057652756186	0.000347
GTGA	0.0033070581716932	0.0030181076800928	0.0020728248732368	0.0071707730202017	0.0051887393217501	0.0120055186129045	0.003679539521747	0.000241
GTTA	0.0050568305062226	0.0061361591585342	0.003259830704225	0.0026505170299282	0.0016403166691557	0.0049272677045637	0.0029792671765303	0.00158
TTAA	0.0023938321622397	0.0123299464802983	0.0045694948030835	0.0047571389833361	0.0172451213163104	0.0152473995738552	0.0094966305569957	0.00119
TTCA	0.0049633092354119	0.0063590714415197	0.000768175062304	0.0014770884388674	0.0019624732991478	0.0031659168409981	0.0017067159547157	0.000242
TTGA	0.0038638314223586	0.0016510651158478	0.0004304013409522	0.0002835345994735	0.0014955595695978	0.0043284993529144	0.0036317133499465	2.2299999999999998e-16
TTTA	0.0049303807280228	0.0189987808654149	0.0076601371047007	0.0021497411135562	0.0099454950555025	0.029546964558806	0.0094782920998894	0.00131
ATAC	0.0317765541074427	0.0106017461996062	0.0244602683659877	0.005829777386372	0.0231333977493724	0.0661413802163083	0.0163179704331335	9.73e-05
ATCC	0.0077276690158411	0.0060806961663472	0.0073550468385701	0.0170213002328019	0.0054174899522217	0.0092926851953354	0.0054820541640463	0.000252
ATGC	0.0235371862242424	0.0063851532665385	0.0118005575677215	0.0059359674767937	0.0057865965722354	0.0148187719285583	0.0073234792661726	2.2299999999999998e-16
ATTC	0.0329177616990939	0.0078418759576458	0.0152135660141601	0.0039454197315589	0.0075072289604632	0.0139079559324636	0.009084214072192	0.000544
CTAC	0.0075190030528094	0.0085782940012594	0.0065795209012066	0.0084418046489946	0.004707409495584	0.0088034146989024	0.0076957290909718	0.000647
CTCC	0.0113294433695685	0.0019926008885481	0.007717360894746	0.0418983617887661	0.005150512562706	0.0087724268240796	0.0117578955859317	0.00646
CTGC	0.009236494075698	0.0048629481934923	0.0093602512339347	0.023528106458481	0.0025360188241064	0.0085369528339127	0.0092202826462783	0.00392
CTTC	0.0074119909322004	0.0120267626499871	0.0120193475307872	0.0180514370832971	0.0089043086113235	0.0283656751416455	0.015360201851262	0.0183
GTAC	0.0073772598570698	0.0063384678764342	0.0051210371694058	0.0110886140649208	0.0030664340985253	0.0106491703323848	0.0039521165299964	5.95e-05
GTCC	0.0047894254196795	0.0071257873030029	0.0045078627429309	0.0154363865598101	0.0011398230568323	0.0049460492735334	0.0104791769969232	0.0015
GTGC	0.0079344641841275	0.0069250279295072	0.0040129660896462	0.0351673714434896	0.0038613949526787	0.00947716772065	0.0062935304071474	0.00101
GTTC	0.0154280838884994	0.0078026400396667	0.0091878416632787	0.0106611991845378	0.0036813994488168	0.0066551729747303	0.006010645225796	0.00147
TTAC	0.0098323253567225	0.0069445475728931	0.0098392768082389	0.0033714374446447	0.0054788876337738	0.0101045180613275	0.0067429035843207	0.00106
TTCC	0.0057082034832778	0.0071292031673799	0.0082377027104284	0.0211837591765806	0.0075088425071928	0.0275118108344607	0.0050754201759765	0.0011
TTGC	0.0065626733538649	0.0042604131529655	0.0065062163085742	0.0024126445183288	0.0014518444438481	0.0071379899583905	0.0031388470402228	0.00121
TTTC	0.016678979396669	0.0171116931321639	0.0185073150088236	0.007754984713679	0.0202001111940042	0.0585379664620194	0.0101348053653646	0.001
ATAG	0.0023228954053862	0.0060551569612801	0.004173351508569	0.0012645683050592	0.004883518328953	0.0117335737803234	0.0063366207903183	0.00141
ATCG	0.0011821511828308	0.0005362815181501	0.0013813289627065	0.0008311884287486	0.0014872113078043	0.0027767704566955	0.0014938164365266	0.00448
ATGG	0.0054546545916644	0.0040450240309383	0.0022304302334421	0.0072079965796706	0.0020922060813118	0.0048212135638751	0.0049311718355499	0.00099
ATTG	0.0043973696780369	0.0035892950248309	0.0008939303971093	0.0009655897399313	0.0026390469380826	0.0045711754846294	0.0052473870541509	0.0691
CTAG	0.0011754750248364	0.0001044260073243	0.001544664918682	0.0017429331729188	7.117456891695922e-05	0.0026060804178328	0.0029553593243477	0.00205
CTCG	0.0029994664412472	0.0020353150195898	0.0025565859070235	0.0028804149831748	0.0007576608269586	0.0011985473460159	0.0018828285293163	0.0314
CTGG	0.0053911039620155	0.0016950762442699	0.0021495640819504	0.0063038590274461	0.0013957580309559	0.0017216993489381	0.0042347051419359	0.0137
CTTG	0.0046405075599992	0.0017069089199152	0.0015431835695207	0.0025976851985736	0.0015650316509705	0.0025708921365354	0.0042710777800041	0.55
GTAG	0.0004389425966291	0.0008747035641979	0.0009661925114558	0.0714779576102395	0.0016697462389276	0.0010346507571213	0.0001966616700488	0.000281
GTCG	0.0007740410777238	0.000198916595816	0.0004341161894435	0.0645918206760591	2.220400000000039e-16	1.616422085681318e-06	0.0027258296843671	0.00625
GTGG	0.0004326552863489	0.0022161633659435	0.0011009844772127	0.1825796682905467	0.0067932556331526	0.0060475583160127	0.0050941418992133	0.00148
GTTG	5.129733298618352e-05	0.0008319184826664	0.0007206956524208	0.1118667303446263	0.0088834315395507	0.003942735570985	0.0005197008137185	0.114
TTAG	0.0034763033858304	0.0043753576873341	0.0010501184191386	0.0004596338196115	0.0005982216603911	0.0035416265186181	0.0039337724725888	1.22e-05
TTCG	0.0020781456180028	0.0019552519326156	0.0008446091718778	0.0011616802950485	0.0008898443791456	0.0045923865044311	0.0007591628338625	0.00875
TTGG	0.0031373338285642	0.0067995377406749	0.0025095110453573	0.0044433209775447	0.0022664889112773	0.007734097698399	0.0064164374190399	0.0047799999999999
TTTG	0.0041315878758142	0.0166332317240652	0.0072891463741323	0.0042706040106732	0.0115089532638953	0.0308739450046414	0.005196585237238	0.122
