Sample	A[C>A]A	A[C>A]C	A[C>A]G	A[C>A]T	C[C>A]A	C[C>A]C	C[C>A]G	C[C>A]T	G[C>A]A	G[C>A]C	G[C>A]G	G[C>A]T	T[C>A]A	T[C>A]C	T[C>A]G	T[C>A]T	A[C>G]A	A[C>G]C	A[C>G]G	A[C>G]T	C[C>G]A	C[C>G]C	C[C>G]G	C[C>G]T	G[C>G]A	G[C>G]C	G[C>G]G	G[C>G]T	T[C>G]A	T[C>G]C	T[C>G]G	T[C>G]T	A[C>T]A	A[C>T]C	A[C>T]G	A[C>T]T	C[C>T]A	C[C>T]C	C[C>T]G	C[C>T]T	G[C>T]A	G[C>T]C	G[C>T]G	G[C>T]T	T[C>T]A	T[C>T]C	T[C>T]G	T[C>T]T	A[T>A]A	A[T>A]C	A[T>A]G	A[T>A]T	C[T>A]A	C[T>A]C	C[T>A]G	C[T>A]T	G[T>A]A	G[T>A]C	G[T>A]G	G[T>A]T	T[T>A]A	T[T>A]C	T[T>A]G	T[T>A]T	A[T>C]A	A[T>C]C	A[T>C]G	A[T>C]T	C[T>C]A	C[T>C]C	C[T>C]G	C[T>C]T	G[T>C]A	G[T>C]C	G[T>C]G	G[T>C]T	T[T>C]A	T[T>C]C	T[T>C]G	T[T>C]T	A[T>G]A	A[T>G]C	A[T>G]G	A[T>G]T	C[T>G]A	C[T>G]C	C[T>G]G	C[T>G]T	G[T>G]A	G[T>G]C	G[T>G]G	G[T>G]T	T[T>G]A	T[T>G]C	T[T>G]G	T[T>G]T
AP0388_AP0389	37	24	4	14	26	31	5	46	24	31	9	9	19	13	4	20	13	9	2	8	11	4	2	11	7	8	5	11	10	9	1	9	58	25	100	21	32	170	61	150	23	36	64	32	15	34	40	31	23	12	8	22	19	26	34	50	3	7	8	9	16	2	9	31	58	11	22	27	14	26	22	36	13	13	15	17	16	12	7	39	18	4	9	15	5	1	4	7	3	8	13	6	8	3	11	11
AP0390_AP0395	49	43	8	21	53	34	7	71	84	84	11	35	42	19	10	42	26	12	6	20	13	11	3	20	14	32	4	36	14	8	2	25	68	31	107	43	71	128	52	150	54	43	66	65	18	39	41	63	19	10	20	18	26	36	45	42	3	12	8	9	10	6	7	26	77	21	40	38	20	23	29	33	26	24	26	27	20	21	17	26	20	2	12	13	7	6	10	6	8	12	22	5	13	5	15	15
AP0394_AP0391	45	26	6	26	42	18	8	17	33	12	6	17	30	12	3	31	33	14	6	12	9	11	4	7	10	9	2	5	9	8	2	16	107	54	133	63	46	58	75	89	44	58	106	63	51	40	58	56	33	22	12	19	7	11	13	10	10	5	14	10	11	10	7	23	76	16	36	36	19	16	21	19	10	9	15	24	18	25	13	32	16	6	13	8	2	7	11	5	8	7	24	13	9	4	9	22
PATIENT_WTS_1_TUM1_PATIENT_WTS_1_BUC	65	44	8	20	42	30	10	42	62	70	6	20	36	16	5	27	42	10	7	24	14	11	3	26	11	23	2	32	33	17	3	46	89	35	92	65	76	158	65	182	43	54	66	55	24	45	34	61	27	17	21	48	30	32	26	60	9	11	13	16	31	11	9	40	61	22	34	56	24	33	21	38	12	15	24	27	27	29	12	48	13	5	17	25	8	4	9	13	9	6	35	12	10	10	20	42
PATIENT_WTS_3_TUM1_PATIENT_WTS_3_BUC	68	64	3	20	49	30	6	75	63	84	6	14	40	27	1	27	24	11	7	16	16	11	4	11	11	22	4	17	13	8	1	34	65	22	87	29	58	259	60	235	45	31	69	41	18	34	34	98	25	13	4	28	40	45	51	54	4	10	23	12	36	9	10	25	51	22	27	26	24	36	31	48	11	19	18	18	27	20	10	57	11	3	11	9	7	8	17	9	6	10	41	15	7	3	18	30
SRR1482114_SRR1482098	29	16	3	19	29	11	3	13	23	7	2	28	26	10	2	50	20	8	4	7	1	0	3	4	4	8	6	3	9	6	2	16	38	13	72	10	20	19	50	41	18	12	56	15	28	37	30	49	23	4	6	14	9	7	7	7	8	0	6	5	23	6	3	26	56	8	11	15	10	9	5	21	9	8	13	7	8	28	4	51	11	2	2	5	3	1	5	4	7	3	9	12	2	5	7	20
SRR1801385_SRR1800351	36	14	5	12	17	13	1	11	14	11	4	9	12	15	8	24	27	5	6	11	4	5	2	2	5	5	5	6	11	2	1	12	64	15	87	42	23	30	31	46	23	29	43	38	23	32	32	63	18	14	10	18	8	20	3	15	7	5	7	13	7	7	7	22	54	13	27	34	13	12	13	28	26	11	22	13	22	19	12	60	10	6	9	8	0	1	6	4	4	0	11	8	4	3	9	20
SRR1801780_SRR1800379	50	19	4	13	29	15	2	15	28	10	4	7	21	9	1	25	33	9	7	15	14	12	2	10	15	13	5	15	18	11	4	32	83	48	96	48	36	42	60	68	19	33	69	51	42	46	38	90	24	15	16	24	5	20	7	17	8	1	10	10	19	8	6	33	98	20	34	67	22	34	20	49	16	13	20	19	21	33	18	61	7	4	7	5	5	5	9	17	5	3	11	16	10	8	10	30
SRR1801916_SRR1800363	51	9	2	11	13	7	0	10	8	2	4	12	21	7	1	14	18	2	2	6	8	5	1	1	4	2	2	5	3	3	1	10	79	16	45	22	9	18	15	33	13	14	25	16	12	23	9	70	25	11	3	10	6	21	5	3	8	2	8	3	10	1	8	19	67	7	14	14	9	6	7	28	8	5	6	11	10	17	8	44	8	0	7	7	0	2	0	3	3	0	9	5	4	2	1	23
SRR1801924_SRR1802263	55	19	4	24	29	7	1	13	24	8	3	11	22	11	4	23	27	9	3	11	12	8	2	7	11	6	2	12	5	8	5	21	112	42	106	49	31	49	39	59	26	44	50	53	27	32	40	70	23	19	17	22	12	14	5	14	7	6	9	11	16	8	7	40	75	14	33	47	17	20	22	35	14	11	18	26	23	22	16	77	13	2	15	11	5	0	14	9	2	3	13	10	8	7	10	29
SRR1801946_SRR1801393	55	20	3	23	39	12	4	18	32	9	3	19	21	15	4	29	30	8	2	18	10	6	1	9	14	2	0	9	11	7	1	20	100	51	157	56	45	34	53	93	28	55	76	81	46	47	44	95	34	15	4	23	12	12	5	11	4	9	16	7	14	10	5	23	62	15	22	34	15	22	13	22	16	14	19	27	12	23	12	48	15	1	9	11	7	1	7	7	2	4	11	6	11	5	8	39
SRR1801954_SRR1800335	73	21	4	19	41	16	2	23	39	10	0	18	26	11	3	29	27	5	3	12	9	7	1	9	6	12	1	9	9	9	0	23	88	44	153	40	46	44	63	59	35	36	89	56	23	53	52	126	18	16	19	24	7	26	4	13	12	8	9	13	18	8	3	29	53	16	29	36	13	20	11	24	18	15	18	19	19	16	9	33	6	3	9	11	2	2	8	5	2	2	5	8	7	5	12	19
SRR1802086_SRR1800793	46	10	3	11	14	10	2	13	14	9	5	8	14	5	1	19	19	3	4	6	1	2	0	4	1	3	3	2	7	8	1	20	64	17	56	28	18	22	18	51	14	9	24	17	12	29	16	53	17	5	11	15	1	10	9	8	4	2	7	5	14	4	4	19	52	10	27	21	11	7	10	25	7	6	11	12	12	28	4	63	11	0	6	7	2	1	1	4	2	0	12	8	5	5	11	26
SRR1802102_SRR1800371	54	16	6	13	27	14	3	7	15	5	1	8	21	8	2	21	24	8	5	9	4	0	1	4	6	4	1	4	7	2	0	22	91	23	43	26	24	19	18	40	23	16	24	31	27	35	21	74	28	8	10	15	9	17	7	10	7	2	26	7	20	5	5	32	73	11	24	21	8	13	12	35	9	3	15	8	14	18	11	48	16	6	9	4	5	3	2	5	3	0	8	5	5	8	5	32
SRR1802114_SRR1800784	33	12	2	8	14	2	4	11	8	3	4	4	10	5	1	14	16	2	3	6	0	2	3	1	2	3	2	1	1	5	6	7	38	5	21	13	15	13	13	27	12	10	12	10	11	23	9	70	16	3	6	5	4	10	6	1	3	3	8	3	14	1	3	16	39	4	10	6	5	8	9	28	12	6	8	3	11	25	3	34	5	2	6	1	0	3	2	2	2	2	5	4	3	2	8	18
SRR1802228_SRR1800776	37	39	7	19	32	19	5	33	41	46	3	17	16	11	1	28	25	5	2	13	4	4	1	8	11	21	1	12	12	5	5	21	77	29	67	40	37	123	44	131	39	33	40	41	24	52	29	89	30	15	8	15	23	27	28	47	4	5	11	5	18	5	8	20	60	7	21	28	17	29	13	32	14	24	13	16	17	27	10	56	12	4	12	6	3	4	14	12	1	9	9	7	10	4	9	25
SRR1802338_SRR1801402	42	15	7	19	30	12	4	8	21	7	4	13	22	14	5	21	21	2	4	14	13	7	1	5	6	10	6	7	12	11	0	21	91	36	134	46	34	36	76	82	39	42	85	63	28	55	43	88	22	12	12	22	1	16	7	18	5	5	13	6	13	5	3	23	71	13	26	44	17	20	13	29	9	11	14	27	16	23	13	63	10	4	6	9	3	3	9	7	5	3	8	9	8	2	4	39
SRR1802602_SRR1802367	45	18	7	23	27	9	4	22	17	9	3	10	17	5	2	20	29	5	1	11	10	6	1	11	8	8	3	7	11	11	2	22	108	45	141	52	47	40	66	87	53	54	73	66	32	45	54	81	25	7	12	26	8	9	8	7	8	2	13	4	22	5	12	24	76	13	37	49	13	15	15	26	14	13	22	22	21	19	5	40	7	6	14	12	5	5	6	11	6	3	14	9	9	4	12	34
SRR1802629_SRR1802255	35	13	9	19	30	13	6	23	21	12	5	17	24	10	6	26	30	5	4	18	8	6	1	6	6	4	4	7	12	10	4	17	86	34	100	56	52	43	57	62	32	35	53	59	23	49	35	86	21	25	19	17	6	12	9	13	11	9	7	12	21	4	13	32	69	14	45	42	22	15	26	29	14	9	17	18	19	27	8	70	16	5	10	6	2	6	8	6	8	3	12	3	5	6	18	28
SRR1802637_SRR1802586	66	25	5	21	32	12	4	24	35	13	3	16	24	12	3	29	28	3	3	10	10	6	0	7	6	9	4	8	7	7	2	27	79	32	124	48	32	34	54	77	27	34	57	50	25	31	51	101	30	18	18	22	13	22	15	19	12	7	13	12	17	15	7	28	76	17	23	35	15	16	13	28	25	6	12	25	17	24	12	56	12	0	6	4	3	2	5	9	2	1	12	6	9	5	7	25
SRR1802673_SRR1802764	52	23	6	19	30	19	3	11	21	9	3	16	29	9	6	27	21	9	5	3	4	4	1	5	5	6	3	5	10	8	2	19	84	28	160	48	41	51	84	56	25	42	88	41	28	51	49	56	23	14	24	13	4	11	13	9	3	8	12	9	14	13	7	34	81	16	35	36	11	20	20	34	12	9	18	25	23	26	8	60	9	0	7	7	1	3	6	5	5	6	8	3	8	5	8	25
SRR1802695_SRR1802564	54	14	2	15	37	6	4	15	24	6	2	7	16	12	4	20	23	11	0	15	5	3	6	11	6	8	2	5	11	10	3	28	98	31	186	56	51	52	74	100	47	57	86	54	29	55	69	80	14	16	12	27	9	16	8	16	7	3	10	14	22	10	4	29	71	15	27	52	19	19	19	27	14	6	20	20	16	19	13	68	10	4	9	7	1	7	6	8	2	4	4	9	5	6	10	28
SRR1802703_SRR1802556	38	25	4	23	29	19	5	22	22	3	2	19	21	17	3	32	27	4	3	14	8	7	2	8	4	4	2	6	7	8	7	18	92	34	83	42	38	30	48	75	25	25	47	30	61	52	34	109	25	6	19	16	10	21	11	11	13	5	10	13	19	13	10	38	50	12	31	34	16	12	14	29	15	14	21	16	16	22	9	42	11	2	5	13	1	3	7	11	2	4	9	11	7	5	11	20
SRR1802711_SRR1802494	80	69	7	43	71	51	12	85	74	34	8	42	49	46	8	120	47	28	7	23	13	16	4	24	18	19	8	18	24	29	6	52	112	42	498	67	68	141	279	136	65	55	344	46	54	87	208	113	66	32	43	63	39	60	33	68	20	12	24	26	58	30	19	73	107	38	53	81	55	33	48	72	41	53	38	55	44	58	35	111	35	8	28	19	4	12	15	14	9	8	24	14	25	15	38	82
SRR1802754_SRR1802621	56	19	6	17	33	14	8	25	34	48	3	13	17	7	1	13	26	4	2	13	12	7	1	16	7	16	2	15	13	8	0	26	96	39	79	46	41	98	45	117	32	35	41	34	19	33	40	80	25	9	14	25	13	22	21	29	3	4	9	9	19	5	4	19	69	24	33	49	20	18	20	43	15	13	13	25	12	28	9	65	11	2	9	7	2	5	8	9	3	3	6	6	4	4	14	24
SRR1802790_SRR1802664	30	12	1	9	14	5	1	12	17	7	4	9	14	5	3	26	11	4	2	3	7	4	0	2	4	4	1	2	8	12	0	10	87	22	75	29	23	26	33	70	25	21	44	25	41	35	22	76	16	10	5	10	3	14	7	2	1	3	9	5	8	3	6	20	62	15	12	22	13	10	10	30	9	5	11	9	11	12	9	55	9	5	2	4	0	1	5	3	0	1	11	5	6	1	4	23
SRR1802798_SRR1802439	31	9	3	24	21	5	3	23	11	6	3	14	21	14	3	28	13	3	2	9	7	3	2	8	6	8	3	7	12	7	4	25	98	30	85	42	38	30	38	51	28	28	45	34	76	67	21	107	29	15	11	17	5	20	8	16	6	4	12	10	30	4	7	45	58	19	33	30	16	13	18	28	15	13	14	27	26	27	15	54	15	5	10	9	4	5	9	9	4	4	18	12	3	5	13	20
SRR1803002_SRR1802357	90	21	12	34	42	27	6	35	54	16	8	39	54	15	8	53	29	8	2	14	9	1	3	4	8	5	0	6	9	14	3	15	73	29	75	37	37	31	38	40	27	26	42	32	18	39	32	84	35	9	11	16	10	11	11	11	10	4	12	5	20	2	4	33	96	16	32	24	20	21	10	45	14	5	20	18	14	28	18	65	12	5	7	7	5	3	3	5	5	2	17	6	5	3	6	28
SRR388383_SRR388326	62	13	4	21	28	17	5	18	28	12	4	14	22	12	5	32	31	3	1	10	5	1	2	10	6	5	1	5	8	4	0	14	81	35	138	40	33	43	63	63	30	41	70	41	38	48	50	78	18	12	11	14	5	19	6	7	5	4	10	7	18	6	4	29	49	14	26	23	17	16	10	26	7	10	16	17	18	20	9	52	11	6	7	6	3	4	3	2	8	3	18	6	7	5	13	23
SRR388810_SRR388850	235	55	4	21	38	25	3	52	95	110	0	24	14	20	3	21	28	9	4	11	8	3	0	14	10	30	2	21	16	10	2	33	97	31	58	42	37	213	48	216	49	50	48	66	31	60	34	448	154	20	18	23	42	37	36	54	26	18	9	9	60	10	10	56	91	21	27	43	23	30	21	44	14	32	27	20	21	26	12	61	27	9	17	11	7	7	6	13	5	5	19	25	10	1	16	33
SRR390572_SRR390546	94	25	9	19	35	19	7	19	29	16	11	17	38	10	5	27	107	53	36	47	52	35	24	36	28	21	10	12	66	53	24	51	116	44	123	50	56	46	75	82	42	58	63	52	40	39	63	155	28	21	18	30	7	23	9	17	8	6	15	11	18	7	6	32	85	16	26	35	22	27	23	51	15	13	14	30	29	23	19	70	17	2	7	6	4	4	3	5	8	4	14	13	4	2	11	25
SRR390616_SRR390604	36	28	2	14	24	9	5	17	24	9	4	11	22	14	5	24	30	11	5	12	7	5	1	6	5	3	2	7	10	5	3	27	80	22	118	32	24	48	65	42	31	28	66	42	33	27	45	64	23	6	5	17	7	9	10	12	5	7	10	10	22	5	3	40	74	14	24	34	23	16	15	22	16	7	7	18	10	21	11	50	19	2	4	6	0	6	4	5	6	3	15	10	7	4	15	36
SRR390636_SRR390671	66	28	3	16	35	15	8	28	27	14	11	21	36	11	4	18	40	15	11	20	18	12	3	17	16	13	8	18	12	16	1	33	119	50	177	52	75	53	116	87	44	58	114	73	38	65	74	92	31	19	18	34	20	27	15	22	23	10	17	8	31	10	9	45	85	19	34	56	20	26	16	34	17	13	28	19	24	39	18	80	16	1	16	8	1	8	13	7	3	3	13	5	10	6	12	31
SRR390682_SRR390649	43	17	5	3	20	15	2	17	15	7	9	9	14	10	2	19	23	4	2	8	6	5	0	5	7	5	2	6	7	9	2	22	78	26	76	22	25	22	44	65	14	13	50	23	22	31	33	54	19	9	10	17	7	16	8	9	8	3	14	4	28	8	6	24	53	13	31	29	6	7	12	25	17	7	10	15	13	16	9	51	15	3	8	7	4	9	7	7	4	1	11	5	3	6	8	19
SRR390755_SRR407618	55	35	2	19	45	13	3	14	35	11	2	10	88	13	2	32	23	4	3	15	3	6	0	5	6	7	2	4	6	7	2	24	106	28	113	38	27	23	64	43	31	17	63	40	27	40	44	102	40	10	13	28	12	23	8	13	8	4	13	9	61	8	6	54	72	13	19	28	10	16	11	16	13	9	9	12	15	23	4	44	10	4	7	8	1	1	7	5	4	0	13	13	8	3	12	38
SRR404098_SRR390690	71	38	7	32	29	20	5	28	30	23	4	34	28	23	7	44	21	9	8	17	11	5	2	9	11	6	2	3	12	9	2	21	96	45	184	59	54	53	98	82	38	56	81	69	30	39	74	76	31	23	28	27	15	20	13	14	9	9	14	13	24	9	3	35	58	17	35	42	15	21	19	42	12	10	26	16	21	27	6	45	17	3	18	6	6	5	6	12	5	4	19	5	7	5	14	38
SRR407619_SRR404097	52	10	3	23	33	23	3	32	33	12	4	16	21	13	4	44	19	7	5	9	6	6	0	3	8	5	0	5	15	4	2	10	73	26	86	30	32	18	48	37	19	21	52	17	26	34	36	64	19	9	12	19	4	13	11	9	2	5	11	9	18	6	2	36	65	13	25	25	12	12	6	24	11	9	11	20	11	25	7	54	14	1	7	10	1	4	2	4	4	0	7	6	2	7	13	28
SRR522917_SRR523444	192	16	3	36	50	19	3	23	26	5	2	19	31	14	5	33	21	4	4	9	2	3	3	7	7	6	1	4	7	8	1	27	69	30	88	34	30	32	40	40	27	19	52	21	32	33	44	200	65	12	14	35	13	24	18	15	10	6	16	11	28	12	8	22	50	27	18	35	25	17	12	30	17	15	13	12	21	23	9	57	12	1	9	3	2	4	7	6	2	2	23	18	7	3	10	23
SRR522960_SRR524453	166	14	3	25	33	11	2	16	28	9	4	20	29	9	3	16	15	4	3	8	4	4	0	4	3	3	1	3	6	3	1	3	42	18	45	23	17	16	28	30	16	14	26	25	19	37	15	368	58	9	7	9	5	5	2	7	9	1	5	4	12	3	2	11	26	12	14	16	10	14	8	17	10	6	5	14	11	13	1	30	10	3	6	6	0	2	4	5	8	3	27	8	4	2	4	20
SRR523063_SRR523754	172	18	1	13	15	6	1	14	12	8	2	9	18	5	5	15	15	3	3	3	6	2	2	3	7	2	2	4	2	5	1	23	42	10	60	13	13	17	22	25	14	12	46	9	6	32	20	448	35	7	6	10	3	12	4	9	9	1	8	4	14	5	1	7	55	9	14	9	6	10	6	22	4	2	1	9	9	24	5	44	4	2	5	3	1	2	4	4	2	0	10	6	0	3	2	16
SRR523096_SRR523625	133	24	5	15	29	16	4	16	28	14	2	4	23	14	6	19	23	10	0	9	9	5	4	9	7	4	2	10	12	5	2	26	121	41	135	63	43	50	67	82	47	30	81	66	32	37	45	193	81	23	20	29	12	18	14	15	13	6	14	9	33	15	8	48	101	19	38	33	19	20	15	31	10	6	11	22	20	26	9	54	17	3	10	16	5	4	3	5	11	2	33	12	9	1	6	44
SRR523202_SRR523754	25	6	1	3	9	1	2	8	6	5	3	1	5	1	1	16	10	1	5	4	1	3	0	1	3	5	4	3	2	2	2	15	53	5	19	6	8	9	13	17	7	4	21	9	8	11	8	63	12	1	3	5	3	12	4	5	1	0	6	2	12	3	2	20	47	9	7	6	4	7	6	25	5	7	6	4	7	17	5	39	14	1	3	2	3	2	2	0	1	5	4	0	0	1	7	23
SRR523356_SRR522999	33	6	3	8	6	15	4	8	15	5	5	6	9	7	1	19	23	4	5	6	6	5	2	6	6	3	3	3	2	7	2	17	37	10	65	9	22	12	36	27	14	18	58	20	18	21	27	68	15	4	3	8	4	15	5	9	5	4	9	4	11	4	1	13	31	7	21	17	8	11	13	28	8	12	12	6	12	16	9	36	4	1	5	10	3	6	3	5	3	2	17	7	3	2	7	32
SRR523590_SRR523488	130	18	4	25	17	13	3	18	32	13	1	13	20	7	3	23	31	2	5	18	3	3	1	4	7	10	3	11	11	6	3	25	98	29	75	42	38	26	33	51	21	29	45	34	30	38	31	223	39	13	18	18	6	22	5	9	15	3	11	11	19	10	9	29	73	17	13	35	25	20	15	38	12	9	19	20	20	30	8	63	13	5	6	9	7	5	9	1	1	1	15	13	2	4	11	27
SRR523710_SRR524517	91	15	3	21	37	24	6	12	27	15	2	14	18	10	5	19	29	4	7	18	9	5	0	7	7	3	3	7	13	6	2	19	91	34	92	41	39	30	48	50	38	29	61	48	35	42	37	220	21	11	12	33	6	19	7	20	14	8	11	8	29	7	5	34	69	9	31	28	8	19	21	25	17	12	13	20	19	13	15	47	13	5	12	5	3	4	6	7	6	3	15	12	8	4	8	22
SRR523789_SRR524736	149	37	8	50	50	18	7	19	37	7	5	10	29	10	3	24	38	5	7	9	10	6	6	6	14	6	4	13	16	6	2	34	86	21	63	39	36	18	38	51	26	18	33	27	47	53	26	100	20	14	13	16	6	13	11	13	6	8	23	12	12	10	6	22	73	22	29	30	16	33	15	29	14	22	15	17	13	76	12	78	9	4	13	9	4	4	3	4	20	16	39	37	6	8	8	46
SRR523821_SRR523981	116	15	5	8	20	16	5	15	17	8	5	6	16	5	1	29	33	3	1	9	5	3	1	2	6	3	3	3	3	3	3	17	87	18	72	22	24	22	25	31	14	15	27	25	28	28	43	199	69	7	5	9	5	8	10	12	12	3	9	6	36	5	6	24	63	15	25	15	10	19	5	14	15	8	15	12	11	17	5	46	10	2	8	9	1	1	4	6	5	4	18	16	8	3	9	29
SRR524115_SRR523913	53	21	8	22	31	16	6	17	20	17	4	19	36	15	4	28	23	13	4	18	3	5	2	9	7	4	4	6	7	11	2	23	60	31	112	30	29	32	63	56	27	30	56	41	19	29	47	88	18	13	17	27	10	12	6	12	11	7	10	10	22	14	10	35	59	19	29	31	11	18	17	37	13	11	16	18	22	28	7	75	7	3	11	6	0	6	3	8	3	2	12	10	3	4	13	29
SRR524251_SRR523317	293	10	6	16	35	15	2	7	29	5	2	10	27	10	1	27	25	3	1	4	4	1	3	1	4	3	4	5	7	2	3	19	68	18	55	16	15	13	23	25	14	13	41	30	22	48	17	554	99	3	12	22	4	7	5	13	19	3	11	6	47	4	5	24	51	12	15	28	11	12	8	19	12	5	15	9	16	18	4	43	14	1	4	8	0	1	3	5	4	0	11	29	3	5	10	31
SRR524399_SRR524517	39	7	1	17	16	11	2	8	10	1	3	3	15	8	1	13	20	6	2	6	1	4	3	2	3	3	4	3	5	4	0	21	50	9	27	16	18	9	18	24	10	10	33	9	9	17	11	97	26	1	7	11	6	11	2	3	3	1	9	3	10	4	1	19	42	10	13	24	10	17	20	12	4	3	16	7	14	15	3	40	9	5	7	9	9	2	3	1	3	4	10	13	5	5	6	24
SRR524425_SRR523512	65	19	5	20	39	16	6	17	27	11	0	18	36	16	1	34	28	10	2	13	9	9	2	4	6	3	1	3	5	2	3	16	97	26	101	40	40	33	48	50	26	39	63	38	28	40	46	99	31	11	13	27	7	22	5	13	7	1	19	9	24	11	3	43	78	14	20	50	10	19	9	33	15	14	11	20	15	25	7	61	15	1	10	7	1	4	6	5	1	6	13	11	10	5	10	35
SRR524549_SRR523039	113	18	4	20	39	18	3	21	23	11	3	15	35	16	4	35	37	4	4	7	6	2	2	5	5	6	1	8	6	7	2	26	131	23	77	34	32	24	48	52	30	34	59	40	21	35	24	208	48	13	11	33	6	18	10	8	15	5	16	13	30	7	5	36	88	11	26	38	17	16	22	29	23	6	18	21	21	29	18	56	17	8	2	7	2	4	5	7	4	5	15	9	4	6	10	24
SRR524581_SRR523939	79	12	2	8	25	15	1	5	21	11	7	11	10	4	0	17	24	3	2	5	3	2	2	1	2	7	3	2	3	5	1	32	54	17	33	17	19	10	13	24	18	15	23	14	18	26	14	131	30	8	8	8	5	17	5	9	4	4	12	2	18	3	5	28	62	10	16	19	8	7	9	23	11	2	8	9	9	16	9	48	10	2	4	3	1	0	3	1	2	0	7	9	4	2	10	28
SRR524635_SRR524020	253	15	11	18	45	9	10	25	26	8	7	13	15	15	1	16	41	9	6	17	9	7	7	15	9	10	7	6	7	10	4	28	84	38	113	48	44	43	65	78	23	44	71	76	19	58	40	487	43	22	19	23	5	24	12	11	14	6	28	8	31	7	7	29	57	22	37	50	21	18	20	37	5	11	24	22	20	27	17	61	11	6	14	9	2	11	10	4	10	2	32	16	1	1	11	24
SRR524677_SRR522999	37	11	8	15	16	11	3	16	16	13	5	17	22	15	3	32	25	4	5	6	1	2	1	4	8	3	3	9	6	4	4	20	44	17	49	21	18	21	25	21	25	14	40	10	16	21	19	32	16	7	7	14	6	15	8	11	2	2	14	7	7	3	1	16	35	10	19	19	16	7	13	23	11	7	15	8	7	19	13	44	6	4	7	5	0	3	3	2	1	0	14	5	3	6	12	45
SRR527366_SRR524089	126	14	3	13	22	18	7	10	25	10	3	6	16	6	1	10	14	4	1	4	7	6	0	3	7	5	2	4	5	3	3	17	61	15	56	22	16	18	40	37	19	15	31	25	17	29	18	344	47	12	9	12	7	9	6	6	6	1	4	3	13	2	5	30	67	7	21	17	10	12	10	17	10	1	12	8	9	9	6	50	8	2	2	6	0	0	3	2	5	3	9	5	4	7	6	32
SRR529101_SRR529152	61	83	12	106	31	16	3	19	49	20	0	23	29	16	2	13	26	2	7	8	2	5	3	4	41	35	12	109	5	13	6	13	65	30	69	39	27	28	40	67	32	29	44	61	35	64	25	112	68	20	35	25	20	20	10	5	24	12	42	16	30	9	2	14	38	102	37	26	51	249	142	111	69	90	215	65	21	124	15	49	8	5	43	6	10	17	38	16	432	399	1085	682	3	7	27	26
SRR767415_SRR767463	42	16	13	15	40	12	14	15	10	10	8	14	26	6	10	21	105	45	27	73	46	43	24	57	40	15	17	33	73	47	30	84	101	35	147	46	43	42	77	73	28	38	82	54	22	40	72	95	21	12	15	23	6	14	9	18	8	8	5	10	20	3	2	23	77	24	39	50	15	20	23	23	18	14	14	25	26	26	11	53	14	6	9	4	4	6	9	6	3	3	9	5	6	4	7	23
SRR767423_SRR767580	50	19	4	18	34	17	2	12	17	13	3	15	13	8	4	24	41	8	5	10	3	8	2	9	7	4	4	7	6	9	2	36	108	36	110	51	46	52	53	99	19	31	56	66	26	45	38	84	41	12	17	26	7	22	10	5	3	10	10	9	15	12	12	27	101	24	39	46	16	28	27	19	20	15	19	27	15	29	8	56	21	2	15	6	3	1	9	9	4	2	12	7	6	6	12	24
SRR767471_SRR767455	41	17	3	18	19	19	5	13	22	8	3	11	23	14	7	26	26	5	3	15	9	4	0	7	12	5	2	3	6	7	3	27	85	45	164	56	57	55	72	79	41	57	99	59	39	61	47	90	21	14	11	24	6	17	6	19	8	5	8	15	27	5	5	25	71	15	30	49	12	23	20	31	14	13	15	29	15	33	10	62	13	2	11	8	2	3	10	7	4	4	9	7	5	4	7	21
SRR767507_SRR767431	47	18	4	18	15	13	2	20	18	4	2	6	13	12	3	18	18	2	2	12	5	4	1	13	3	7	4	6	6	7	1	11	90	25	143	41	29	36	68	56	36	37	86	47	20	55	47	103	29	12	7	11	6	9	7	8	8	2	8	8	16	4	5	21	79	18	30	35	14	17	13	26	21	7	13	12	19	17	9	56	19	2	11	5	3	3	7	7	1	5	9	8	4	6	7	22
SRR767516_SRR767439	51	29	1	19	97	69	13	76	30	10	5	27	37	26	2	40	28	8	2	14	9	6	3	12	13	5	3	7	13	13	3	24	133	57	263	54	44	52	97	85	43	55	141	65	34	61	121	99	27	30	26	28	14	18	15	33	11	7	4	15	21	8	5	46	78	23	37	33	16	17	14	33	14	12	22	26	26	22	14	73	13	4	10	13	3	6	4	6	6	1	17	8	8	2	14	26
SRR767544_SRR767572	43	14	7	13	17	8	3	12	23	3	2	8	16	10	1	16	20	2	7	5	4	3	1	4	5	3	3	3	9	4	1	23	65	18	72	23	21	24	32	44	21	14	37	17	14	28	17	63	9	8	16	10	7	6	5	6	7	2	3	9	12	4	6	18	78	12	15	25	9	15	11	29	11	10	6	13	12	26	5	59	6	2	8	3	1	2	6	1	1	2	7	4	5	3	6	21
SRR767556_SRR767524	57	15	7	14	36	14	8	19	23	12	5	11	22	11	2	28	31	5	4	14	8	7	1	12	13	3	4	6	9	6	3	23	81	43	146	45	49	63	79	108	41	59	106	66	35	49	58	82	46	19	14	23	17	22	15	19	21	7	18	12	24	11	10	24	76	9	43	46	19	21	17	42	16	14	13	37	19	20	11	37	14	1	10	14	5	9	7	5	4	6	17	6	14	4	7	36
SRR767564_SRR767447	53	18	4	23	27	21	3	10	22	10	4	14	17	14	2	34	39	17	4	22	16	24	6	23	12	10	6	10	21	17	4	29	81	34	203	42	42	31	93	62	28	43	106	41	31	49	77	100	26	12	11	24	6	18	5	18	2	7	11	8	22	11	9	40	69	18	37	31	22	18	21	34	19	10	20	18	15	16	13	47	10	1	7	9	3	5	8	7	1	3	8	8	2	3	12	35
