	1_0.97_SBS31-0.95	2_0.97_NA	3_0.96_SBS1-0.94	4_0.81_NA	5_1.0_SBS43-0.91	6_1.0_SBS58-0.87	7_0.94_NA
A[C>A]A	0.020394685705885904	0.009244919914766824	0.0021870650285691	0.0094573273146831	0.00964708449995292	0.14714320820143925	0.0206900198478962
A[C>A]C	0.023505418894767042	0.005649780587633377	0.011680356590511963	0.0050407913031763965	0.013950667071295822	0.005582759817850157	0.011692314878434458
A[C>A]G	0.0017045974519363971	0.0018468389328455284	0.0002153901344715183	0.004869040955310435	0.001982487211792652	0.0015132017821825124	0.004321175170356889
A[C>A]T	0.0045633634870185244	0.006527353315949014	0.008377420832460309	0.004294013435734084	0.01818267374235521	0.008106570195605817	0.015763077046950392
C[C>A]A	0.013849603065266166	0.017326329580245124	0.016929959852504818	0.01122532720825273	0.005029676053579191	0.013617961935329577	0.015237539357614575
C[C>A]C	0.012175562779718851	0.0030972856528708325	0.017021318409444708	0.003998600575230236	0.0025865416092464423	0.005304368056137399	0.008571615214010465
C[C>A]G	0.0022358874497457265	0.001273465935484944	0.0038224453749143576	0.00509546942157466	0.0005062953196704418	0.001269466250355294	0.0017840289483328515
C[C>A]T	0.030244791004660564	0.006549322859598345	0.017356777134205914	0.0030375279240574264	0.003057466332716266	0.00453262576403628	0.007688113360543616
G[C>A]A	0.03356878024551839	0.008728706108400675	0.009213678104836876	0.0016302122007462456	0.008079338517751274	0.012424882095211	0.01526068517751318
G[C>A]C	0.0485609436020492	0.0006010984982631611	0.00037945050579605124	0.0028285675646559953	0.00325860576318312	0.0031156043634233	0.0044924193895378856
G[C>A]G	0.00209945359521777	0.00029679214460090264	0.0017562297969705462	0.0055501595452227895	2.2204000000000392e-16	0.0008124232778184394	0.003942161752338146
G[C>A]T	0.007879399317826998	0.004252520980002483	0.01088845849190112	0.004324849671513892	0.003697387882129998	0.004412920243219615	0.009978574091708093
T[C>A]A	0.008597202385790174	0.00030625230826544455	0.018122117501109883	0.010323453790880541	0.004800327433315883	0.008588652250818077	0.024344325485650933
T[C>A]C	0.006905483395622297	0.0028626746350089343	0.013356290327169323	0.0013169177676357413	0.002589124838728716	0.0035594849001954203	0.006658070128830518
T[C>A]G	0.0010074407649433472	0.0008102400422309673	0.002831805514932525	0.003073471139315966	0.0003150194712074578	0.0008296907293473358	0.002151986880178028
T[C>A]T	0.007123482329485488	0.0006663763633871744	0.030836234842725668	0.006179481931385505	0.0020978413803169334	0.005992319220201133	0.02633025375573877
A[C>G]A	0.003946542341426704	0.01264728912045758	0.002287430835117241	0.049607612428849236	0.004173801077999198	0.009043497217251041	0.020218790860230887
A[C>G]C	0.0027201021396086487	0.0016164289367979615	0.005096310754725664	0.024855415720153456	0.0003089241513710553	0.0006280692801734367	0.002054133651839081
A[C>G]G	0.0009371137755634712	1.9976064871119632e-05	0.0008118465854458841	0.015785702071584067	0.0011689286286445096	0.00042028716664753993	0.003596511865996192
A[C>G]T	0.003749899702661647	0.009330643588799668	0.0012865063949458885	0.0294202084872323	0.0012112757875592435	0.001034203402243569	0.004705296006788082
C[C>G]A	0.003414150875043677	0.006025809193423689	0.00034017326304033836	0.024462849608007792	0.0002728902639770946	0.001351034304577914	0.0008138115362702653
C[C>G]C	0.0014002630869766404	0.0037027059669495627	0.001726421563549457	0.022209430890225645	0.000797107209100579	0.00026754021474597873	0.0008446356255208153
C[C>G]G	5.8587084307107424e-05	3.0144752424104936e-05	0.0007340856000982137	0.012368984326523155	0.0005321870221954849	0.0006008364983182782	0.0005699073114827768
C[C>G]T	0.005842531509154362	0.0060324826181202785	0.002775727213066349	0.023625029672550174	0.000589162135084349	0.00015938090639097522	7.220193057547447e-06
G[C>G]A	0.0031218971585331014	0.004762418556295679	0.002275486783815543	0.016797058461731306	0.00682526744490632	0.0015894076540825324	0.0025189688758163672
G[C>G]C	0.013050729017583015	0.00219141100457515	0.0006965243910491702	0.008504085644294805	0.005740649037277472	0.0012563948247085017	0.003195711451579097
G[C>G]G	0.00043963346526636215	9.667610717818913e-05	0.001878652569558305	0.007596026966086078	0.0019766855842708172	0.001037191093028817	0.0019790184324127674
G[C>G]T	0.01093720336762783	0.0030881135929541467	0.00045915260936137765	0.01204596138281485	0.018048391017446732	0.0011412102753070375	0.002352162295056708
T[C>G]A	0.005430202406395988	0.0032063662772892163	0.002608954851477618	0.032841212728306535	0.0008128167502667561	0.001183727954363736	0.004565925778926365
T[C>G]C	0.0021991941344397807	0.004233772560184608	0.004035075502466276	0.023785412737471128	0.0020354284579084934	0.0005566101479090532	0.002713397402854044
T[C>G]G	0.00013805342986860348	0.00018253126970112763	0.0003776230643305807	0.011497649319050684	0.0009501303511053758	0.0006906118153426253	0.0017142240866543515
T[C>G]T	0.00889010587937218	0.003971719846189082	0.00599165858462709	0.0332801402524508	0.002069085784836166	0.007947685272356142	0.020651459971598545
A[C>T]A	0.013915228575582712	0.05930705244531224	0.0071903623844337405	0.03071869926260842	0.01007784403311937	0.026665343828091537	0.06725164308671225
A[C>T]C	0.005708783437567528	0.032957930182390675	0.005491028687453207	0.011566998188289877	0.0045698252641776975	0.006240929846959146	0.010091979842303684
A[C>T]G	0.0031937717321404925	0.06770518022899119	0.15787918276984256	0.04881155000250502	0.010513196425897058	0.01785788154122295	0.010185075909397214
A[C>T]T	0.008748493531418372	0.044181055549053716	0.0041655324405179646	0.013527111920361844	0.006000432591340114	0.006525183425651522	0.014898447011894776
C[C>T]A	0.019815066223028917	0.02975916402407369	0.00921115249555963	0.01838790756006628	0.004193046041843907	0.005048883134643675	0.01581417717499699
C[C>T]C	0.11214218223450632	0.021345943932475117	0.01164677463790325	0.00946119354111137	0.004349744205846275	0.004446007562114774	0.0047889457669800205
C[C>T]G	0.011665824134693728	0.025413092987481626	0.0825384570217053	0.03135045138396463	0.006284217736727287	0.009000197749187994	0.006958694682060558
C[C>T]T	0.1009634214227474	0.054641535465248574	0.0029947771491863873	0.02072912119824875	0.010550231162995723	0.009223917557074995	0.018723947810197462
G[C>T]A	0.01637838745676272	0.022392054467687262	0.012198637095457118	0.009512863592338624	0.0050583493321948395	0.006016523273990731	0.012068186690049072
G[C>T]C	0.01269880549629536	0.033980723164559974	0.011745242217351943	0.016526796702108857	0.0044122078610277895	0.005192865034459714	0.00439494980821091
G[C>T]G	0.008309678979828334	0.027473071773705726	0.10342280412313022	0.027452324616175482	0.006782654023548182	0.014295484086903029	0.008658860507501987
G[C>T]T	0.013981164948682036	0.04872660277121126	0.003669365535670161	0.015756385389373743	0.009653318039844514	0.011355031337714865	0.00611799936287521
T[C>T]A	0.001756033183957698	0.020485817167410932	0.007682924958816607	0.007368182841230917	0.0057560945219929105	0.006892948158050696	0.021917838099570583
T[C>T]C	0.009299050839139362	0.024997624633613456	0.01837962911062341	0.00967747901188298	0.010318111769538212	0.019124436948140387	0.022470147340919545
T[C>T]G	0.004821365251103241	0.019655697580355676	0.0659614495909251	0.027255793831704702	0.003843802232365453	0.006606902897445439	0.004294463410927163
T[C>T]T	0.020776016384593324	0.011475304802461388	0.002667613871726882	0.020928428348318942	0.017034610438371713	0.3092308263611633	0.0023464887144630554
A[T>A]A	0.012131984677382008	0.004362594379906328	0.008972316294403362	0.0023314249203269482	0.010879562276422495	0.048835964173655634	0.01264693509535429
A[T>A]C	0.003778429216172675	0.012305812793788224	0.0054282211390366646	0.0045870473753676705	0.0032333556400527155	0.0039026989027572795	0.002853663326135049
A[T>A]G	0.0024981438566974426	0.009416061708116864	0.0073684879367033095	0.005176383072076529	0.00565002054326089	0.004240363362147811	0.005702588005447922
A[T>A]T	0.008707037350031498	0.008541401826608824	0.013782759113973092	0.00937662863005363	0.003973515963863895	0.00699118173079645	0.011567336796223076
C[T>A]A	0.0186699629746484	0.0021873297748569056	0.0051133925125645685	0.0008416042062106464	0.0032706136267491373	0.0014321090330770825	0.004353665054911578
C[T>A]C	0.017663425207883103	0.0026494793832591125	0.009312023248063236	0.005375879863292718	0.003230065127209077	0.004940783959023289	0.01455496029361871
C[T>A]G	0.02382385954729092	0.0033326822145653178	0.0026132760933765373	0.0016379340065158865	0.0016240730443034548	0.0017571147975592768	0.004943856251841713
C[T>A]T	0.030929012185172824	0.0007390760073264076	0.013026875081499056	0.00596823980163349	0.0007825495950069607	0.00383341411776266	0.00450451122142183
G[T>A]A	0.0006382235294177594	0.0040497767336103215	0.0037694514937854	0.0016909638726387846	0.0038607433944238758	0.009272739855974195	0.002439544247184147
G[T>A]C	0.005057652756186079	0.004372796195492485	0.001258080928333608	0.0024791992578995425	0.0019415307183905735	0.0008454855583703373	0.0013943142971974964
G[T>A]G	0.003679539521747044	0.0033070581716932107	0.0030181076800928856	0.0020728248732368518	0.007170773020201706	0.005188739321750154	0.012005518612904529
G[T>A]T	0.0029792671765303397	0.005056830506222657	0.006136159158534263	0.0032598307042250585	0.002650517029928282	0.0016403166691557286	0.004927267704563783
T[T>A]A	0.009496630556995737	0.002393832162239709	0.0123299464802983	0.0045694948030835575	0.004757138983336111	0.017245121316310428	0.015247399573855241
T[T>A]C	0.0017067159547157467	0.004963309235411928	0.0063590714415197366	0.0007681750623040771	0.0014770884388674505	0.0019624732991478343	0.0031659168409981795
T[T>A]G	0.0036317133499465413	0.00386383142235862	0.001651065115847889	0.000430401340952206	0.00028353459947354947	0.0014955595695978286	0.00432849935291445
T[T>A]T	0.009478292099889438	0.0049303807280228346	0.01899878086541496	0.007660137104700787	0.0021497411135562366	0.009945495055502556	0.02954696455880605
A[T>C]A	0.016317970433133537	0.031776554107442755	0.010601746199606223	0.024460268365987768	0.005829777386372064	0.0231333977493724	0.06614138021630836
A[T>C]C	0.005482054164046329	0.007727669015841161	0.006080696166347258	0.007355046838570184	0.017021300232801944	0.005417489952221755	0.009292685195335413
A[T>C]G	0.0073234792661726125	0.023537186224242463	0.006385153266538537	0.011800557567721527	0.005935967476793775	0.005786596572235412	0.0148187719285583
A[T>C]T	0.009084214072192068	0.032917761699093905	0.007841875957645864	0.0152135660141601	0.003945419731558967	0.00750722896046326	0.013907955932463604
C[T>C]A	0.0076957290909718265	0.007519003052809441	0.008578294001259455	0.006579520901206629	0.008441804648994678	0.004707409495584029	0.00880341469890242
C[T>C]C	0.011757895585931743	0.01132944336956855	0.0019926008885481736	0.0077173608947460545	0.041898361788766166	0.005150512562706016	0.008772426824079672
C[T>C]G	0.009220282646278348	0.009236494075698052	0.004862948193492313	0.009360251233934778	0.02352810645848105	0.0025360188241064607	0.008536952833912748
C[T>C]T	0.01536020185126209	0.007411990932200432	0.01202676264998718	0.01201934753078729	0.018051437083297192	0.00890430861132354	0.028365675141645508
G[T>C]A	0.003952116529996443	0.007377259857069838	0.006338467876434229	0.005121037169405809	0.011088614064920859	0.0030664340985253505	0.01064917033238481
G[T>C]C	0.010479176996923243	0.004789425419679545	0.007125787303002934	0.004507862742930903	0.0154363865598101	0.001139823056832392	0.004946049273533459
G[T>C]G	0.006293530407147412	0.007934464184127549	0.00692502792950728	0.00401296608964621	0.0351673714434896	0.003861394952678764	0.009477167720650029
G[T>C]T	0.006010645225796071	0.015428083888499425	0.007802640039666755	0.009187841663278731	0.01066119918453783	0.003681399448816858	0.006655172974730353
T[T>C]A	0.006742903584320782	0.009832325356722505	0.006944547572893126	0.00983927680823894	0.0033714374446447127	0.005478887633773893	0.010104518061327531
T[T>C]C	0.005075420175976578	0.005708203483277897	0.007129203167379967	0.008237702710428405	0.02118375917658065	0.007508842507192806	0.027511810834460727
T[T>C]G	0.0031388470402228747	0.006562673353864945	0.004260413152965524	0.00650621630857423	0.00241264451832885	0.0014518444438481556	0.007137989958390599
T[T>C]T	0.010134805365364695	0.01667897939666901	0.01711169313216393	0.018507315008823626	0.007754984713679045	0.020200111194004267	0.058537966462019475
A[T>G]A	0.0063366207903183406	0.002322895405386245	0.006055156961280126	0.004173351508569096	0.0012645683050592467	0.0048835183289530956	0.011733573780323452
A[T>G]C	0.0014938164365266085	0.0011821511828308726	0.0005362815181501766	0.0013813289627065755	0.0008311884287486767	0.0014872113078043402	0.0027767704566955442
A[T>G]G	0.004931171835549982	0.005454654591664422	0.004045024030938346	0.0022304302334421448	0.0072079965796706435	0.0020922060813118445	0.004821213563875168
A[T>G]T	0.0052473870541509095	0.00439736967803698	0.0035892950248309274	0.000893930397109322	0.000965589739931322	0.002639046938082628	0.0045711754846294896
C[T>G]A	0.0029553593243477204	0.0011754750248364884	0.00010442600732439491	0.0015446649186820658	0.0017429331729188855	7.117456891695922e-05	0.002606080417832817
C[T>G]C	0.0018828285293163356	0.002999466441247299	0.0020353150195898907	0.0025565859070235016	0.0028804149831748245	0.000757660826958622	0.0011985473460159805
C[T>G]G	0.004234705141935936	0.005391103962015544	0.00169507624426997	0.002149564081950403	0.006303859027446159	0.0013957580309559338	0.0017216993489381485
C[T>G]T	0.004271077780004185	0.004640507559999204	0.0017069089199152918	0.0015431835695207134	0.002597685198573682	0.0015650316509705808	0.0025708921365354626
G[T>G]A	0.00019666167004887692	0.00043894259662912127	0.0008747035641979647	0.0009661925114558279	0.07147795761023955	0.001669746238927604	0.0010346507571213828
G[T>G]C	0.0027258296843671644	0.0007740410777238975	0.00019891659581608564	0.0004341161894435367	0.06459182067605912	2.2204000000000392e-16	1.616422085681318e-06
G[T>G]G	0.0050941418992133105	0.00043265528634896494	0.0022161633659435304	0.0011009844772127157	0.18257966829054675	0.006793255633152663	0.006047558316012747
G[T>G]T	0.0005197008137185456	5.129733298618352e-05	0.0008319184826664549	0.0007206956524208828	0.11186673034462637	0.008883431539550762	0.003942735570985081
T[T>G]A	0.003933772472588878	0.003476303385830429	0.004375357687334121	0.0010501184191386342	0.0004596338196115291	0.0005982216603911081	0.003541626518618123
T[T>G]C	0.0007591628338625291	0.002078145618002848	0.001955251932615692	0.0008446091718778572	0.0011616802950485453	0.0008898443791456783	0.004592386504431109
T[T>G]G	0.006416437419039925	0.0031373338285642263	0.006799537740674916	0.002509511045357376	0.0044433209775447844	0.0022664889112773067	0.0077340976983990934
T[T>G]T	0.005196585237238089	0.0041315878758142405	0.016633231724065275	0.0072891463741323655	0.004270604010673277	0.0115089532638953	0.030873945004641436
